"Obs. Date","Obs. value","Series key","Indicator title","Units","Obs. status"
"2023-01","2.79","IRS.M.BE.L.L40.CI.0000.EUR.N.Z","Harmonised long-term interest rates for convergence assessment purposes","","A"
"2023-03","3.04","IRS.M.BE.L.L40.CI.0000.EUR.N.Z","Harmonised long-term interest rates for convergence assessment purposes","","A"
"2023-04","3.06","IRS.M.BE.L.L40.CI.0000.EUR.N.Z","Harmonised long-term interest rates for convergence assessment purposes","","A"
"2023-05","3.04","IRS.M.BE.L.L40.CI.0000.EUR.N.Z","Harmonised long-term interest rates for convergence assessment purposes","","A"
"2023-07","3.14","IRS.M.BE.L.L40.CI.0000.EUR.N.Z","Harmonised long-term interest rates for convergence assessment purposes","","A"
"2023-08","3.22","IRS.M.BE.L.L40.CI.0000.EUR.N.Z","Harmonised long-term interest rates for convergence assessment purposes","","A"
"2023-09","3.32","IRS.M.BE.L.L40.CI.0000.EUR.N.Z","Harmonised long-term interest rates for convergence assessment purposes","","A"
"2023-11","3.23","IRS.M.BE.L.L40.CI.0000.EUR.N.Z","Harmonised long-term interest rates for convergence assessment purposes","","A"
"2023-12","2.70","IRS.M.BE.L.L40.CI.0000.EUR.N.Z","Harmonised long-term interest rates for convergence assessment purposes","","A"
"2023-02","2.96","IRS.M.BE.L.L40.CI.0000.EUR.N.Z","Harmonised long-term interest rates for convergence assessment purposes","","A"
"2023-06","3.05","IRS.M.BE.L.L40.CI.0000.EUR.N.Z","Harmonised long-term interest rates for convergence assessment purposes","","A"
"2023-10","3.52","IRS.M.BE.L.L40.CI.0000.EUR.N.Z","Harmonised long-term interest rates for convergence assessment purposes","","A"
"2023-01","2.19","IRS.M.DE.L.L40.CI.0000.EUR.N.Z","Harmonised long-term interest rates for convergence assessment purposes","","A"
"2023-03","2.38","IRS.M.DE.L.L40.CI.0000.EUR.N.Z","Harmonised long-term interest rates for convergence assessment purposes","","A"
"2023-04","2.36","IRS.M.DE.L.L40.CI.0000.EUR.N.Z","Harmonised long-term interest rates for convergence assessment purposes","","A"
"2023-05","2.34","IRS.M.DE.L.L40.CI.0000.EUR.N.Z","Harmonised long-term interest rates for convergence assessment purposes","","A"
"2023-07","2.46","IRS.M.DE.L.L40.CI.0000.EUR.N.Z","Harmonised long-term interest rates for convergence assessment purposes","","A"
"2023-08","2.55","IRS.M.DE.L.L40.CI.0000.EUR.N.Z","Harmonised long-term interest rates for convergence assessment purposes","","A"
"2023-09","2.66","IRS.M.DE.L.L40.CI.0000.EUR.N.Z","Harmonised long-term interest rates for convergence assessment purposes","","A"
"2023-11","2.60","IRS.M.DE.L.L40.CI.0000.EUR.N.Z","Harmonised long-term interest rates for convergence assessment purposes","","A"
"2023-12","2.10","IRS.M.DE.L.L40.CI.0000.EUR.N.Z","Harmonised long-term interest rates for convergence assessment purposes","","A"
"2023-02","2.37","IRS.M.DE.L.L40.CI.0000.EUR.N.Z","Harmonised long-term interest rates for convergence assessment purposes","","A"
"2023-06","2.38","IRS.M.DE.L.L40.CI.0000.EUR.N.Z","Harmonised long-term interest rates for convergence assessment purposes","","A"
"2023-10","2.82","IRS.M.DE.L.L40.CI.0000.EUR.N.Z","Harmonised long-term interest rates for convergence assessment purposes","","A"
"2023-01","3.79","IRS.M.EE.L.L40.CI.0000.EUR.N.Z","Harmonised long-term interest rates for convergence assessment purposes","","A"
"2023-03","3.96","IRS.M.EE.L.L40.CI.0000.EUR.N.Z","Harmonised long-term interest rates for convergence assessment purposes","","A"
"2023-04","3.89","IRS.M.EE.L.L40.CI.0000.EUR.N.Z","Harmonised long-term interest rates for convergence assessment purposes","","A"
"2023-05","3.94","IRS.M.EE.L.L40.CI.0000.EUR.N.Z","Harmonised long-term interest rates for convergence assessment purposes","","A"
"2023-07","4.09","IRS.M.EE.L.L40.CI.0000.EUR.N.Z","Harmonised long-term interest rates for convergence assessment purposes","","A"
"2023-08","4.15","IRS.M.EE.L.L40.CI.0000.EUR.N.Z","Harmonised long-term interest rates for convergence assessment purposes","","A"
"2023-09","4.25","IRS.M.EE.L.L40.CI.0000.EUR.N.Z","Harmonised long-term interest rates for convergence assessment purposes","","A"
"2023-11","3.67","IRS.M.EE.L.L40.CI.0000.EUR.N.Z","Harmonised long-term interest rates for convergence assessment purposes","","A"
"2023-12","3.21","IRS.M.EE.L.L40.CI.0000.EUR.N.Z","Harmonised long-term interest rates for convergence assessment purposes","","A"
"2023-02","3.83","IRS.M.EE.L.L40.CI.0000.EUR.N.Z","Harmonised long-term interest rates for convergence assessment purposes","","A"
"2023-06","3.94","IRS.M.EE.L.L40.CI.0000.EUR.N.Z","Harmonised long-term interest rates for convergence assessment purposes","","A"
"2023-10","4.09","IRS.M.EE.L.L40.CI.0000.EUR.N.Z","Harmonised long-term interest rates for convergence assessment purposes","","A"
"2023-01","2.65","IRS.M.IE.L.L40.CI.0000.EUR.N.Z","Harmonised long-term interest rates for convergence assessment purposes","","A"
"2023-03","2.86","IRS.M.IE.L.L40.CI.0000.EUR.N.Z","Harmonised long-term interest rates for convergence assessment purposes","","A"
"2023-04","2.77","IRS.M.IE.L.L40.CI.0000.EUR.N.Z","Harmonised long-term interest rates for convergence assessment purposes","","A"
"2023-05","2.79","IRS.M.IE.L.L40.CI.0000.EUR.N.Z","Harmonised long-term interest rates for convergence assessment purposes","","A"
"2023-07","2.90","IRS.M.IE.L.L40.CI.0000.EUR.N.Z","Harmonised long-term interest rates for convergence assessment purposes","","A"
"2023-08","2.96","IRS.M.IE.L.L40.CI.0000.EUR.N.Z","Harmonised long-term interest rates for convergence assessment purposes","","A"
"2023-09","3.09","IRS.M.IE.L.L40.CI.0000.EUR.N.Z","Harmonised long-term interest rates for convergence assessment purposes","","A"
"2023-11","3.01","IRS.M.IE.L.L40.CI.0000.EUR.N.Z","Harmonised long-term interest rates for convergence assessment purposes","","A"
"2023-12","2.46","IRS.M.IE.L.L40.CI.0000.EUR.N.Z","Harmonised long-term interest rates for convergence assessment purposes","","A"
"2023-02","2.86","IRS.M.IE.L.L40.CI.0000.EUR.N.Z","Harmonised long-term interest rates for convergence assessment purposes","","A"
"2023-06","2.78","IRS.M.IE.L.L40.CI.0000.EUR.N.Z","Harmonised long-term interest rates for convergence assessment purposes","","A"
"2023-10","3.27","IRS.M.IE.L.L40.CI.0000.EUR.N.Z","Harmonised long-term interest rates for convergence assessment purposes","","A"
"2023-01","4.29","IRS.M.GR.L.L40.CI.0000.EUR.N.Z","Harmonised long-term interest rates for convergence assessment purposes","","A"
"2023-03","4.29","IRS.M.GR.L.L40.CI.0000.EUR.N.Z","Harmonised long-term interest rates for convergence assessment purposes","","A"
"2023-04","4.22","IRS.M.GR.L.L40.CI.0000.EUR.N.Z","Harmonised long-term interest rates for convergence assessment purposes","","A"
"2023-05","3.98","IRS.M.GR.L.L40.CI.0000.EUR.N.Z","Harmonised long-term interest rates for convergence assessment purposes","","A"
"2023-07","3.85","IRS.M.GR.L.L40.CI.0000.EUR.N.Z","Harmonised long-term interest rates for convergence assessment purposes","","A"
"2023-08","3.88","IRS.M.GR.L.L40.CI.0000.EUR.N.Z","Harmonised long-term interest rates for convergence assessment purposes","","A"
"2023-09","4.08","IRS.M.GR.L.L40.CI.0000.EUR.N.Z","Harmonised long-term interest rates for convergence assessment purposes","","A"
"2023-11","3.88","IRS.M.GR.L.L40.CI.0000.EUR.N.Z","Harmonised long-term interest rates for convergence assessment purposes","","A"
"2023-12","3.28","IRS.M.GR.L.L40.CI.0000.EUR.N.Z","Harmonised long-term interest rates for convergence assessment purposes","","A"
"2023-02","4.26","IRS.M.GR.L.L40.CI.0000.EUR.N.Z","Harmonised long-term interest rates for convergence assessment purposes","","A"
"2023-06","3.71","IRS.M.GR.L.L40.CI.0000.EUR.N.Z","Harmonised long-term interest rates for convergence assessment purposes","","A"
"2023-10","4.30","IRS.M.GR.L.L40.CI.0000.EUR.N.Z","Harmonised long-term interest rates for convergence assessment purposes","","A"
"2023-01","3.20","IRS.M.ES.L.L40.CI.0000.EUR.N.Z","Harmonised long-term interest rates for convergence assessment purposes","","A"
"2023-03","3.43","IRS.M.ES.L.L40.CI.0000.EUR.N.Z","Harmonised long-term interest rates for convergence assessment purposes","","A"
"2023-04","3.40","IRS.M.ES.L.L40.CI.0000.EUR.N.Z","Harmonised long-term interest rates for convergence assessment purposes","","A"
"2023-05","3.41","IRS.M.ES.L.L40.CI.0000.EUR.N.Z","Harmonised long-term interest rates for convergence assessment purposes","","A"
"2023-07","3.49","IRS.M.ES.L.L40.CI.0000.EUR.N.Z","Harmonised long-term interest rates for convergence assessment purposes","","A"
"2023-08","3.57","IRS.M.ES.L.L40.CI.0000.EUR.N.Z","Harmonised long-term interest rates for convergence assessment purposes","","A"
"2023-09","3.71","IRS.M.ES.L.L40.CI.0000.EUR.N.Z","Harmonised long-term interest rates for convergence assessment purposes","","A"
"2023-11","3.65","IRS.M.ES.L.L40.CI.0000.EUR.N.Z","Harmonised long-term interest rates for convergence assessment purposes","","A"
"2023-12","3.12","IRS.M.ES.L.L40.CI.0000.EUR.N.Z","Harmonised long-term interest rates for convergence assessment purposes","","A"
"2023-02","3.39","IRS.M.ES.L.L40.CI.0000.EUR.N.Z","Harmonised long-term interest rates for convergence assessment purposes","","A"
"2023-06","3.40","IRS.M.ES.L.L40.CI.0000.EUR.N.Z","Harmonised long-term interest rates for convergence assessment purposes","","A"
"2023-10","3.95","IRS.M.ES.L.L40.CI.0000.EUR.N.Z","Harmonised long-term interest rates for convergence assessment purposes","","A"
"2023-01","2.69","IRS.M.FR.L.L40.CI.0000.EUR.N.Z","Harmonised long-term interest rates for convergence assessment purposes","","A"
"2023-03","2.92","IRS.M.FR.L.L40.CI.0000.EUR.N.Z","Harmonised long-term interest rates for convergence assessment purposes","","A"
"2023-04","2.90","IRS.M.FR.L.L40.CI.0000.EUR.N.Z","Harmonised long-term interest rates for convergence assessment purposes","","A"
"2023-05","2.94","IRS.M.FR.L.L40.CI.0000.EUR.N.Z","Harmonised long-term interest rates for convergence assessment purposes","","A"
"2023-07","3.04","IRS.M.FR.L.L40.CI.0000.EUR.N.Z","Harmonised long-term interest rates for convergence assessment purposes","","A"
"2023-08","3.11","IRS.M.FR.L.L40.CI.0000.EUR.N.Z","Harmonised long-term interest rates for convergence assessment purposes","","A"
"2023-09","3.24","IRS.M.FR.L.L40.CI.0000.EUR.N.Z","Harmonised long-term interest rates for convergence assessment purposes","","A"
"2023-11","3.19","IRS.M.FR.L.L40.CI.0000.EUR.N.Z","Harmonised long-term interest rates for convergence assessment purposes","","A"
"2023-12","2.65","IRS.M.FR.L.L40.CI.0000.EUR.N.Z","Harmonised long-term interest rates for convergence assessment purposes","","A"
"2023-02","2.87","IRS.M.FR.L.L40.CI.0000.EUR.N.Z","Harmonised long-term interest rates for convergence assessment purposes","","A"
"2023-06","2.93","IRS.M.FR.L.L40.CI.0000.EUR.N.Z","Harmonised long-term interest rates for convergence assessment purposes","","A"
"2023-10","3.45","IRS.M.FR.L.L40.CI.0000.EUR.N.Z","Harmonised long-term interest rates for convergence assessment purposes","","A"
"2023-01","3.65","IRS.M.HR.L.L40.CI.0000.EUR.N.Z","Harmonised long-term interest rates for convergence assessment purposes","","A"
"2023-03","3.86","IRS.M.HR.L.L40.CI.0000.EUR.N.Z","Harmonised long-term interest rates for convergence assessment purposes","","A"
"2023-04","3.72","IRS.M.HR.L.L40.CI.0000.EUR.N.Z","Harmonised long-term interest rates for convergence assessment purposes","","A"
"2023-05","3.71","IRS.M.HR.L.L40.CI.0000.EUR.N.Z","Harmonised long-term interest rates for convergence assessment purposes","","A"
"2023-07","3.74","IRS.M.HR.L.L40.CI.0000.EUR.N.Z","Harmonised long-term interest rates for convergence assessment purposes","","A"
"2023-08","3.93","IRS.M.HR.L.L40.CI.0000.EUR.N.Z","Harmonised long-term interest rates for convergence assessment purposes","","A"
"2023-09","3.95","IRS.M.HR.L.L40.CI.0000.EUR.N.Z","Harmonised long-term interest rates for convergence assessment purposes","","A"
"2023-11","3.93","IRS.M.HR.L.L40.CI.0000.EUR.N.Z","Harmonised long-term interest rates for convergence assessment purposes","","A"
"2023-12","3.39","IRS.M.HR.L.L40.CI.0000.EUR.N.Z","Harmonised long-term interest rates for convergence assessment purposes","","A"
"2023-02","3.76","IRS.M.HR.L.L40.CI.0000.EUR.N.Z","Harmonised long-term interest rates for convergence assessment purposes","","A"
"2023-06","3.73","IRS.M.HR.L.L40.CI.0000.EUR.N.Z","Harmonised long-term interest rates for convergence assessment purposes","","A"
"2023-10","4.18","IRS.M.HR.L.L40.CI.0000.EUR.N.Z","Harmonised long-term interest rates for convergence assessment purposes","","A"
"2023-01","4.24","IRS.M.IT.L.L40.CI.0000.EUR.N.Z","Harmonised long-term interest rates for convergence assessment purposes","","A"
"2023-03","4.24","IRS.M.IT.L.L40.CI.0000.EUR.N.Z","Harmonised long-term interest rates for convergence assessment purposes","","A"
"2023-04","4.23","IRS.M.IT.L.L40.CI.0000.EUR.N.Z","Harmonised long-term interest rates for convergence assessment purposes","","A"
"2023-05","4.31","IRS.M.IT.L.L40.CI.0000.EUR.N.Z","Harmonised long-term interest rates for convergence assessment purposes","","A"
"2023-07","4.16","IRS.M.IT.L.L40.CI.0000.EUR.N.Z","Harmonised long-term interest rates for convergence assessment purposes","","A"
"2023-08","4.22","IRS.M.IT.L.L40.CI.0000.EUR.N.Z","Harmonised long-term interest rates for convergence assessment purposes","","A"
"2023-09","4.51","IRS.M.IT.L.L40.CI.0000.EUR.N.Z","Harmonised long-term interest rates for convergence assessment purposes","","A"
"2023-11","4.43","IRS.M.IT.L.L40.CI.0000.EUR.N.Z","Harmonised long-term interest rates for convergence assessment purposes","","A"
"2023-12","3.82","IRS.M.IT.L.L40.CI.0000.EUR.N.Z","Harmonised long-term interest rates for convergence assessment purposes","","A"
"2023-02","4.27","IRS.M.IT.L.L40.CI.0000.EUR.N.Z","Harmonised long-term interest rates for convergence assessment purposes","","A"
"2023-06","4.07","IRS.M.IT.L.L40.CI.0000.EUR.N.Z","Harmonised long-term interest rates for convergence assessment purposes","","A"
"2023-10","4.89","IRS.M.IT.L.L40.CI.0000.EUR.N.Z","Harmonised long-term interest rates for convergence assessment purposes","","A"
"2023-01","4.19","IRS.M.CY.L.L40.CI.0000.EUR.N.Z","Harmonised long-term interest rates for convergence assessment purposes","","A"
"2023-03","4.15","IRS.M.CY.L.L40.CI.0000.EUR.N.Z","Harmonised long-term interest rates for convergence assessment purposes","","A"
"2023-04","4.01","IRS.M.CY.L.L40.CI.0000.EUR.N.Z","Harmonised long-term interest rates for convergence assessment purposes","","A"
"2023-05","3.97","IRS.M.CY.L.L40.CI.0000.EUR.N.Z","Harmonised long-term interest rates for convergence assessment purposes","","A"
"2023-07","3.74","IRS.M.CY.L.L40.CI.0000.EUR.N.Z","Harmonised long-term interest rates for convergence assessment purposes","","A"
"2023-08","3.84","IRS.M.CY.L.L40.CI.0000.EUR.N.Z","Harmonised long-term interest rates for convergence assessment purposes","","A"
"2023-09","3.99","IRS.M.CY.L.L40.CI.0000.EUR.N.Z","Harmonised long-term interest rates for convergence assessment purposes","","A"
"2023-11","3.79","IRS.M.CY.L.L40.CI.0000.EUR.N.Z","Harmonised long-term interest rates for convergence assessment purposes","","A"
"2023-12","3.23","IRS.M.CY.L.L40.CI.0000.EUR.N.Z","Harmonised long-term interest rates for convergence assessment purposes","","A"
"2023-02","4.13","IRS.M.CY.L.L40.CI.0000.EUR.N.Z","Harmonised long-term interest rates for convergence assessment purposes","","A"
"2023-06","3.79","IRS.M.CY.L.L40.CI.0000.EUR.N.Z","Harmonised long-term interest rates for convergence assessment purposes","","A"
"2023-10","4.13","IRS.M.CY.L.L40.CI.0000.EUR.N.Z","Harmonised long-term interest rates for convergence assessment purposes","","A"
"2023-01","3.70","IRS.M.LV.L.L40.CI.0000.EUR.N.Z","Harmonised long-term interest rates for convergence assessment purposes","","A"
"2023-03","3.91","IRS.M.LV.L.L40.CI.0000.EUR.N.Z","Harmonised long-term interest rates for convergence assessment purposes","","A"
"2023-04","3.88","IRS.M.LV.L.L40.CI.0000.EUR.N.Z","Harmonised long-term interest rates for convergence assessment purposes","","A"
"2023-05","3.83","IRS.M.LV.L.L40.CI.0000.EUR.N.Z","Harmonised long-term interest rates for convergence assessment purposes","","A"
"2023-07","3.81","IRS.M.LV.L.L40.CI.0000.EUR.N.Z","Harmonised long-term interest rates for convergence assessment purposes","","A"
"2023-08","3.85","IRS.M.LV.L.L40.CI.0000.EUR.N.Z","Harmonised long-term interest rates for convergence assessment purposes","","A"
"2023-09","3.88","IRS.M.LV.L.L40.CI.0000.EUR.N.Z","Harmonised long-term interest rates for convergence assessment purposes","","A"
"2023-11","3.98","IRS.M.LV.L.L40.CI.0000.EUR.N.Z","Harmonised long-term interest rates for convergence assessment purposes","","A"
"2023-12","3.49","IRS.M.LV.L.L40.CI.0000.EUR.N.Z","Harmonised long-term interest rates for convergence assessment purposes","","A"
"2023-02","3.68","IRS.M.LV.L.L40.CI.0000.EUR.N.Z","Harmonised long-term interest rates for convergence assessment purposes","","A"
"2023-06","3.79","IRS.M.LV.L.L40.CI.0000.EUR.N.Z","Harmonised long-term interest rates for convergence assessment purposes","","A"
"2023-10","4.14","IRS.M.LV.L.L40.CI.0000.EUR.N.Z","Harmonised long-term interest rates for convergence assessment purposes","","A"
"2023-01","2.88","IRS.M.LT.L.L40.CI.0000.EUR.N.Z","Harmonised long-term interest rates for convergence assessment purposes","","A"
"2023-03","2.88","IRS.M.LT.L.L40.CI.0000.EUR.N.Z","Harmonised long-term interest rates for convergence assessment purposes","","A"
"2023-04","2.88","IRS.M.LT.L.L40.CI.0000.EUR.N.Z","Harmonised long-term interest rates for convergence assessment purposes","","A"
"2023-05","2.88","IRS.M.LT.L.L40.CI.0000.EUR.N.Z","Harmonised long-term interest rates for convergence assessment purposes","","A"
"2023-07","2.88","IRS.M.LT.L.L40.CI.0000.EUR.N.Z","Harmonised long-term interest rates for convergence assessment purposes","","A"
"2023-08","2.88","IRS.M.LT.L.L40.CI.0000.EUR.N.Z","Harmonised long-term interest rates for convergence assessment purposes","","A"
"2023-09","2.88","IRS.M.LT.L.L40.CI.0000.EUR.N.Z","Harmonised long-term interest rates for convergence assessment purposes","","A"
"2023-11","2.88","IRS.M.LT.L.L40.CI.0000.EUR.N.Z","Harmonised long-term interest rates for convergence assessment purposes","","A"
"2023-12","2.88","IRS.M.LT.L.L40.CI.0000.EUR.N.Z","Harmonised long-term interest rates for convergence assessment purposes","","A"
"2023-02","2.88","IRS.M.LT.L.L40.CI.0000.EUR.N.Z","Harmonised long-term interest rates for convergence assessment purposes","","A"
"2023-06","2.88","IRS.M.LT.L.L40.CI.0000.EUR.N.Z","Harmonised long-term interest rates for convergence assessment purposes","","A"
"2023-10","2.88","IRS.M.LT.L.L40.CI.0000.EUR.N.Z","Harmonised long-term interest rates for convergence assessment purposes","","A"
"2023-01","2.70","IRS.M.LU.L.L40.CI.0000.EUR.N.Z","Harmonised long-term interest rates for convergence assessment purposes","","A"
"2023-03","2.99","IRS.M.LU.L.L40.CI.0000.EUR.N.Z","Harmonised long-term interest rates for convergence assessment purposes","","A"
"2023-04","2.96","IRS.M.LU.L.L40.CI.0000.EUR.N.Z","Harmonised long-term interest rates for convergence assessment purposes","","A"
"2023-05","2.95","IRS.M.LU.L.L40.CI.0000.EUR.N.Z","Harmonised long-term interest rates for convergence assessment purposes","","A"
"2023-07","3.03","IRS.M.LU.L.L40.CI.0000.EUR.N.Z","Harmonised long-term interest rates for convergence assessment purposes","","A"
"2023-08","3.08","IRS.M.LU.L.L40.CI.0000.EUR.N.Z","Harmonised long-term interest rates for convergence assessment purposes","","A"
"2023-09","3.16","IRS.M.LU.L.L40.CI.0000.EUR.N.Z","Harmonised long-term interest rates for convergence assessment purposes","","A"
"2023-11","3.03","IRS.M.LU.L.L40.CI.0000.EUR.N.Z","Harmonised long-term interest rates for convergence assessment purposes","","A"
"2023-12","2.53","IRS.M.LU.L.L40.CI.0000.EUR.N.Z","Harmonised long-term interest rates for convergence assessment purposes","","A"
"2023-02","2.89","IRS.M.LU.L.L40.CI.0000.EUR.N.Z","Harmonised long-term interest rates for convergence assessment purposes","","A"
"2023-06","2.95","IRS.M.LU.L.L40.CI.0000.EUR.N.Z","Harmonised long-term interest rates for convergence assessment purposes","","A"
"2023-10","3.32","IRS.M.LU.L.L40.CI.0000.EUR.N.Z","Harmonised long-term interest rates for convergence assessment purposes","","A"
"2023-01","3.55","IRS.M.MT.L.L40.CI.0000.EUR.N.Z","Harmonised long-term interest rates for convergence assessment purposes","","A"
"2023-03","3.58","IRS.M.MT.L.L40.CI.0000.EUR.N.Z","Harmonised long-term interest rates for convergence assessment purposes","","A"
"2023-04","3.60","IRS.M.MT.L.L40.CI.0000.EUR.N.Z","Harmonised long-term interest rates for convergence assessment purposes","","A"
"2023-05","3.64","IRS.M.MT.L.L40.CI.0000.EUR.N.Z","Harmonised long-term interest rates for convergence assessment purposes","","A"
"2023-07","3.78","IRS.M.MT.L.L40.CI.0000.EUR.N.Z","Harmonised long-term interest rates for convergence assessment purposes","","A"
"2023-08","3.79","IRS.M.MT.L.L40.CI.0000.EUR.N.Z","Harmonised long-term interest rates for convergence assessment purposes","","A"
"2023-09","3.93","IRS.M.MT.L.L40.CI.0000.EUR.N.Z","Harmonised long-term interest rates for convergence assessment purposes","","A"
"2023-11","3.86","IRS.M.MT.L.L40.CI.0000.EUR.N.Z","Harmonised long-term interest rates for convergence assessment purposes","","A"
"2023-12","3.31","IRS.M.MT.L.L40.CI.0000.EUR.N.Z","Harmonised long-term interest rates for convergence assessment purposes","","A"
"2023-02","3.61","IRS.M.MT.L.L40.CI.0000.EUR.N.Z","Harmonised long-term interest rates for convergence assessment purposes","","A"
"2023-06","3.68","IRS.M.MT.L.L40.CI.0000.EUR.N.Z","Harmonised long-term interest rates for convergence assessment purposes","","A"
"2023-10","4.18","IRS.M.MT.L.L40.CI.0000.EUR.N.Z","Harmonised long-term interest rates for convergence assessment purposes","","A"
"2023-01","2.50","IRS.M.NL.L.L40.CI.0000.EUR.N.Z","Harmonised long-term interest rates for convergence assessment purposes","","A"
"2023-03","2.76","IRS.M.NL.L.L40.CI.0000.EUR.N.Z","Harmonised long-term interest rates for convergence assessment purposes","","A"
"2023-04","2.72","IRS.M.NL.L.L40.CI.0000.EUR.N.Z","Harmonised long-term interest rates for convergence assessment purposes","","A"
"2023-05","2.73","IRS.M.NL.L.L40.CI.0000.EUR.N.Z","Harmonised long-term interest rates for convergence assessment purposes","","A"
"2023-07","2.84","IRS.M.NL.L.L40.CI.0000.EUR.N.Z","Harmonised long-term interest rates for convergence assessment purposes","","A"
"2023-08","2.92","IRS.M.NL.L.L40.CI.0000.EUR.N.Z","Harmonised long-term interest rates for convergence assessment purposes","","A"
"2023-09","3.04","IRS.M.NL.L.L40.CI.0000.EUR.N.Z","Harmonised long-term interest rates for convergence assessment purposes","","A"
"2023-11","2.95","IRS.M.NL.L.L40.CI.0000.EUR.N.Z","Harmonised long-term interest rates for convergence assessment purposes","","A"
"2023-12","2.42","IRS.M.NL.L.L40.CI.0000.EUR.N.Z","Harmonised long-term interest rates for convergence assessment purposes","","A"
"2023-02","2.68","IRS.M.NL.L.L40.CI.0000.EUR.N.Z","Harmonised long-term interest rates for convergence assessment purposes","","A"
"2023-06","2.75","IRS.M.NL.L.L40.CI.0000.EUR.N.Z","Harmonised long-term interest rates for convergence assessment purposes","","A"
"2023-10","3.21","IRS.M.NL.L.L40.CI.0000.EUR.N.Z","Harmonised long-term interest rates for convergence assessment purposes","","A"
"2023-01","2.81","IRS.M.AT.L.L40.CI.0000.EUR.N.Z","Harmonised long-term interest rates for convergence assessment purposes","","A"
"2023-03","3.06","IRS.M.AT.L.L40.CI.0000.EUR.N.Z","Harmonised long-term interest rates for convergence assessment purposes","","A"
"2023-04","3.03","IRS.M.AT.L.L40.CI.0000.EUR.N.Z","Harmonised long-term interest rates for convergence assessment purposes","","A"
"2023-05","3.03","IRS.M.AT.L.L40.CI.0000.EUR.N.Z","Harmonised long-term interest rates for convergence assessment purposes","","A"
"2023-07","3.12","IRS.M.AT.L.L40.CI.0000.EUR.N.Z","Harmonised long-term interest rates for convergence assessment purposes","","A"
"2023-08","3.18","IRS.M.AT.L.L40.CI.0000.EUR.N.Z","Harmonised long-term interest rates for convergence assessment purposes","","A"
"2023-09","3.29","IRS.M.AT.L.L40.CI.0000.EUR.N.Z","Harmonised long-term interest rates for convergence assessment purposes","","A"
"2023-11","3.21","IRS.M.AT.L.L40.CI.0000.EUR.N.Z","Harmonised long-term interest rates for convergence assessment purposes","","A"
"2023-12","2.68","IRS.M.AT.L.L40.CI.0000.EUR.N.Z","Harmonised long-term interest rates for convergence assessment purposes","","A"
"2023-02","3.04","IRS.M.AT.L.L40.CI.0000.EUR.N.Z","Harmonised long-term interest rates for convergence assessment purposes","","A"
"2023-06","3.05","IRS.M.AT.L.L40.CI.0000.EUR.N.Z","Harmonised long-term interest rates for convergence assessment purposes","","A"
"2023-10","3.49","IRS.M.AT.L.L40.CI.0000.EUR.N.Z","Harmonised long-term interest rates for convergence assessment purposes","","A"
"2023-01","3.13","IRS.M.PT.L.L40.CI.0000.EUR.N.Z","Harmonised long-term interest rates for convergence assessment purposes","","A"
"2023-03","3.27","IRS.M.PT.L.L40.CI.0000.EUR.N.Z","Harmonised long-term interest rates for convergence assessment purposes","","A"
"2023-04","3.20","IRS.M.PT.L.L40.CI.0000.EUR.N.Z","Harmonised long-term interest rates for convergence assessment purposes","","A"
"2023-05","3.16","IRS.M.PT.L.L40.CI.0000.EUR.N.Z","Harmonised long-term interest rates for convergence assessment purposes","","A"
"2023-07","3.23","IRS.M.PT.L.L40.CI.0000.EUR.N.Z","Harmonised long-term interest rates for convergence assessment purposes","","A"
"2023-08","3.31","IRS.M.PT.L.L40.CI.0000.EUR.N.Z","Harmonised long-term interest rates for convergence assessment purposes","","A"
"2023-09","3.45","IRS.M.PT.L.L40.CI.0000.EUR.N.Z","Harmonised long-term interest rates for convergence assessment purposes","","A"
"2023-11","3.30","IRS.M.PT.L.L40.CI.0000.EUR.N.Z","Harmonised long-term interest rates for convergence assessment purposes","","A"
"2023-12","2.86","IRS.M.PT.L.L40.CI.0000.EUR.N.Z","Harmonised long-term interest rates for convergence assessment purposes","","A"
"2023-02","3.27","IRS.M.PT.L.L40.CI.0000.EUR.N.Z","Harmonised long-term interest rates for convergence assessment purposes","","A"
"2023-06","3.09","IRS.M.PT.L.L40.CI.0000.EUR.N.Z","Harmonised long-term interest rates for convergence assessment purposes","","A"
"2023-10","3.59","IRS.M.PT.L.L40.CI.0000.EUR.N.Z","Harmonised long-term interest rates for convergence assessment purposes","","A"
"2023-01","3.25","IRS.M.SI.L.L40.CI.0000.EUR.N.Z","Harmonised long-term interest rates for convergence assessment purposes","","A"
"2023-03","3.54","IRS.M.SI.L.L40.CI.0000.EUR.N.Z","Harmonised long-term interest rates for convergence assessment purposes","","A"
"2023-04","3.34","IRS.M.SI.L.L40.CI.0000.EUR.N.Z","Harmonised long-term interest rates for convergence assessment purposes","","A"
"2023-05","3.15","IRS.M.SI.L.L40.CI.0000.EUR.N.Z","Harmonised long-term interest rates for convergence assessment purposes","","A"
"2023-07","3.40","IRS.M.SI.L.L40.CI.0000.EUR.N.Z","Harmonised long-term interest rates for convergence assessment purposes","","A"
"2023-08","3.48","IRS.M.SI.L.L40.CI.0000.EUR.N.Z","Harmonised long-term interest rates for convergence assessment purposes","","A"
"2023-09","3.47","IRS.M.SI.L.L40.CI.0000.EUR.N.Z","Harmonised long-term interest rates for convergence assessment purposes","","A"
"2023-11","3.53","IRS.M.SI.L.L40.CI.0000.EUR.N.Z","Harmonised long-term interest rates for convergence assessment purposes","","A"
"2023-12","3.26","IRS.M.SI.L.L40.CI.0000.EUR.N.Z","Harmonised long-term interest rates for convergence assessment purposes","","A"
"2023-02","3.38","IRS.M.SI.L.L40.CI.0000.EUR.N.Z","Harmonised long-term interest rates for convergence assessment purposes","","A"
"2023-06","3.38","IRS.M.SI.L.L40.CI.0000.EUR.N.Z","Harmonised long-term interest rates for convergence assessment purposes","","A"
"2023-10","3.67","IRS.M.SI.L.L40.CI.0000.EUR.N.Z","Harmonised long-term interest rates for convergence assessment purposes","","A"
"2023-01","3.25","IRS.M.SK.L.L40.CI.0000.EUR.N.Z","Harmonised long-term interest rates for convergence assessment purposes","","A"
"2023-03","3.58","IRS.M.SK.L.L40.CI.0000.EUR.N.Z","Harmonised long-term interest rates for convergence assessment purposes","","A"
"2023-04","3.66","IRS.M.SK.L.L40.CI.0000.EUR.N.Z","Harmonised long-term interest rates for convergence assessment purposes","","A"
"2023-05","3.59","IRS.M.SK.L.L40.CI.0000.EUR.N.Z","Harmonised long-term interest rates for convergence assessment purposes","","A"
"2023-07","3.69","IRS.M.SK.L.L40.CI.0000.EUR.N.Z","Harmonised long-term interest rates for convergence assessment purposes","","A"
"2023-08","3.80","IRS.M.SK.L.L40.CI.0000.EUR.N.Z","Harmonised long-term interest rates for convergence assessment purposes","","A"
"2023-09","3.91","IRS.M.SK.L.L40.CI.0000.EUR.N.Z","Harmonised long-term interest rates for convergence assessment purposes","","A"
"2023-11","3.86","IRS.M.SK.L.L40.CI.0000.EUR.N.Z","Harmonised long-term interest rates for convergence assessment purposes","","A"
"2023-12","3.31","IRS.M.SK.L.L40.CI.0000.EUR.N.Z","Harmonised long-term interest rates for convergence assessment purposes","","A"
"2023-02","3.40","IRS.M.SK.L.L40.CI.0000.EUR.N.Z","Harmonised long-term interest rates for convergence assessment purposes","","A"
"2023-06","3.62","IRS.M.SK.L.L40.CI.0000.EUR.N.Z","Harmonised long-term interest rates for convergence assessment purposes","","A"
"2023-10","4.12","IRS.M.SK.L.L40.CI.0000.EUR.N.Z","Harmonised long-term interest rates for convergence assessment purposes","","A"
"2023-01","2.77","IRS.M.FI.L.L40.CI.0000.EUR.N.Z","Harmonised long-term interest rates for convergence assessment purposes","","A"
"2023-03","2.98","IRS.M.FI.L.L40.CI.0000.EUR.N.Z","Harmonised long-term interest rates for convergence assessment purposes","","A"
"2023-04","2.96","IRS.M.FI.L.L40.CI.0000.EUR.N.Z","Harmonised long-term interest rates for convergence assessment purposes","","A"
"2023-05","2.98","IRS.M.FI.L.L40.CI.0000.EUR.N.Z","Harmonised long-term interest rates for convergence assessment purposes","","A"
"2023-07","3.07","IRS.M.FI.L.L40.CI.0000.EUR.N.Z","Harmonised long-term interest rates for convergence assessment purposes","","A"
"2023-08","3.15","IRS.M.FI.L.L40.CI.0000.EUR.N.Z","Harmonised long-term interest rates for convergence assessment purposes","","A"
"2023-09","3.25","IRS.M.FI.L.L40.CI.0000.EUR.N.Z","Harmonised long-term interest rates for convergence assessment purposes","","A"
"2023-11","3.20","IRS.M.FI.L.L40.CI.0000.EUR.N.Z","Harmonised long-term interest rates for convergence assessment purposes","","A"
"2023-12","2.68","IRS.M.FI.L.L40.CI.0000.EUR.N.Z","Harmonised long-term interest rates for convergence assessment purposes","","A"
"2023-02","2.94","IRS.M.FI.L.L40.CI.0000.EUR.N.Z","Harmonised long-term interest rates for convergence assessment purposes","","A"
"2023-06","3.00","IRS.M.FI.L.L40.CI.0000.EUR.N.Z","Harmonised long-term interest rates for convergence assessment purposes","","A"
"2023-10","3.47","IRS.M.FI.L.L40.CI.0000.EUR.N.Z","Harmonised long-term interest rates for convergence assessment purposes","","A"
"2023-01","1.85","IRS.M.BG.L.L40.CI.0000.BGN.N.Z","Harmonised long-term interest rates for convergence assessment purposes","","A"
"2023-03","4.21","IRS.M.BG.L.L40.CI.0000.BGN.N.Z","Harmonised long-term interest rates for convergence assessment purposes","","A"
"2023-04","4.03","IRS.M.BG.L.L40.CI.0000.BGN.N.Z","Harmonised long-term interest rates for convergence assessment purposes","","A"
"2023-05","4.03","IRS.M.BG.L.L40.CI.0000.BGN.N.Z","Harmonised long-term interest rates for convergence assessment purposes","","A"
"2023-07","4.03","IRS.M.BG.L.L40.CI.0000.BGN.N.Z","Harmonised long-term interest rates for convergence assessment purposes","","A"
"2023-08","4.03","IRS.M.BG.L.L40.CI.0000.BGN.N.Z","Harmonised long-term interest rates for convergence assessment purposes","","A"
"2023-09","4.03","IRS.M.BG.L.L40.CI.0000.BGN.N.Z","Harmonised long-term interest rates for convergence assessment purposes","","A"
"2023-11","4.03","IRS.M.BG.L.L40.CI.0000.BGN.N.Z","Harmonised long-term interest rates for convergence assessment purposes","","A"
"2023-12","4.01","IRS.M.BG.L.L40.CI.0000.BGN.N.Z","Harmonised long-term interest rates for convergence assessment purposes","","A"
"2023-02","2.73","IRS.M.BG.L.L40.CI.0000.BGN.N.Z","Harmonised long-term interest rates for convergence assessment purposes","","A"
"2023-06","4.03","IRS.M.BG.L.L40.CI.0000.BGN.N.Z","Harmonised long-term interest rates for convergence assessment purposes","","A"
"2023-10","4.03","IRS.M.BG.L.L40.CI.0000.BGN.N.Z","Harmonised long-term interest rates for convergence assessment purposes","","A"
"2023-01","4.47","IRS.M.CZ.L.L40.CI.0000.CZK.N.Z","Harmonised long-term interest rates for convergence assessment purposes","","A"
"2023-03","4.67","IRS.M.CZ.L.L40.CI.0000.CZK.N.Z","Harmonised long-term interest rates for convergence assessment purposes","","A"
"2023-04","4.65","IRS.M.CZ.L.L40.CI.0000.CZK.N.Z","Harmonised long-term interest rates for convergence assessment purposes","","A"
"2023-05","4.50","IRS.M.CZ.L.L40.CI.0000.CZK.N.Z","Harmonised long-term interest rates for convergence assessment purposes","","A"
"2023-07","4.15","IRS.M.CZ.L.L40.CI.0000.CZK.N.Z","Harmonised long-term interest rates for convergence assessment purposes","","A"
"2023-08","4.26","IRS.M.CZ.L.L40.CI.0000.CZK.N.Z","Harmonised long-term interest rates for convergence assessment purposes","","A"
"2023-09","4.49","IRS.M.CZ.L.L40.CI.0000.CZK.N.Z","Harmonised long-term interest rates for convergence assessment purposes","","A"
"2023-11","4.42","IRS.M.CZ.L.L40.CI.0000.CZK.N.Z","Harmonised long-term interest rates for convergence assessment purposes","","A"
"2023-12","3.97","IRS.M.CZ.L.L40.CI.0000.CZK.N.Z","Harmonised long-term interest rates for convergence assessment purposes","","A"
"2023-02","4.61","IRS.M.CZ.L.L40.CI.0000.CZK.N.Z","Harmonised long-term interest rates for convergence assessment purposes","","A"
"2023-06","4.35","IRS.M.CZ.L.L40.CI.0000.CZK.N.Z","Harmonised long-term interest rates for convergence assessment purposes","","A"
"2023-10","4.72","IRS.M.CZ.L.L40.CI.0000.CZK.N.Z","Harmonised long-term interest rates for convergence assessment purposes","","A"
"2023-01","2.43","IRS.M.DK.L.L40.CI.0000.DKK.N.Z","Harmonised long-term interest rates for convergence assessment purposes","","A"
"2023-03","2.55","IRS.M.DK.L.L40.CI.0000.DKK.N.Z","Harmonised long-term interest rates for convergence assessment purposes","","A"
"2023-04","2.60","IRS.M.DK.L.L40.CI.0000.DKK.N.Z","Harmonised long-term interest rates for convergence assessment purposes","","A"
"2023-05","2.54","IRS.M.DK.L.L40.CI.0000.DKK.N.Z","Harmonised long-term interest rates for convergence assessment purposes","","A"
"2023-07","2.70","IRS.M.DK.L.L40.CI.0000.DKK.N.Z","Harmonised long-term interest rates for convergence assessment purposes","","A"
"2023-08","2.77","IRS.M.DK.L.L40.CI.0000.DKK.N.Z","Harmonised long-term interest rates for convergence assessment purposes","","A"
"2023-09","2.83","IRS.M.DK.L.L40.CI.0000.DKK.N.Z","Harmonised long-term interest rates for convergence assessment purposes","","A"
"2023-11","2.79","IRS.M.DK.L.L40.CI.0000.DKK.N.Z","Harmonised long-term interest rates for convergence assessment purposes","","A"
"2023-12","2.28","IRS.M.DK.L.L40.CI.0000.DKK.N.Z","Harmonised long-term interest rates for convergence assessment purposes","","A"
"2023-02","2.55","IRS.M.DK.L.L40.CI.0000.DKK.N.Z","Harmonised long-term interest rates for convergence assessment purposes","","A"
"2023-06","2.57","IRS.M.DK.L.L40.CI.0000.DKK.N.Z","Harmonised long-term interest rates for convergence assessment purposes","","A"
"2023-10","3.05","IRS.M.DK.L.L40.CI.0000.DKK.N.Z","Harmonised long-term interest rates for convergence assessment purposes","","A"
"2023-01","7.76","IRS.M.HU.L.L40.CI.0000.HUF.N.Z","Harmonised long-term interest rates for convergence assessment purposes","","A"
"2023-03","8.54","IRS.M.HU.L.L40.CI.0000.HUF.N.Z","Harmonised long-term interest rates for convergence assessment purposes","","A"
"2023-04","8.35","IRS.M.HU.L.L40.CI.0000.HUF.N.Z","Harmonised long-term interest rates for convergence assessment purposes","","A"
"2023-05","7.78","IRS.M.HU.L.L40.CI.0000.HUF.N.Z","Harmonised long-term interest rates for convergence assessment purposes","","A"
"2023-07","7.10","IRS.M.HU.L.L40.CI.0000.HUF.N.Z","Harmonised long-term interest rates for convergence assessment purposes","","A"
"2023-08","7.40","IRS.M.HU.L.L40.CI.0000.HUF.N.Z","Harmonised long-term interest rates for convergence assessment purposes","","A"
"2023-09","7.08","IRS.M.HU.L.L40.CI.0000.HUF.N.Z","Harmonised long-term interest rates for convergence assessment purposes","","A"
"2023-11","7.01","IRS.M.HU.L.L40.CI.0000.HUF.N.Z","Harmonised long-term interest rates for convergence assessment purposes","","A"
"2023-12","6.17","IRS.M.HU.L.L40.CI.0000.HUF.N.Z","Harmonised long-term interest rates for convergence assessment purposes","","A"
"2023-02","8.23","IRS.M.HU.L.L40.CI.0000.HUF.N.Z","Harmonised long-term interest rates for convergence assessment purposes","","A"
"2023-06","7.20","IRS.M.HU.L.L40.CI.0000.HUF.N.Z","Harmonised long-term interest rates for convergence assessment purposes","","A"
"2023-10","7.53","IRS.M.HU.L.L40.CI.0000.HUF.N.Z","Harmonised long-term interest rates for convergence assessment purposes","","A"
"2023-01","6.02","IRS.M.PL.L.L40.CI.0000.PLN.N.Z","Harmonised long-term interest rates for convergence assessment purposes","","A"
"2023-03","6.14","IRS.M.PL.L.L40.CI.0000.PLN.N.Z","Harmonised long-term interest rates for convergence assessment purposes","","A"
"2023-04","6.07","IRS.M.PL.L.L40.CI.0000.PLN.N.Z","Harmonised long-term interest rates for convergence assessment purposes","","A"
"2023-05","5.93","IRS.M.PL.L.L40.CI.0000.PLN.N.Z","Harmonised long-term interest rates for convergence assessment purposes","","A"
"2023-07","5.54","IRS.M.PL.L.L40.CI.0000.PLN.N.Z","Harmonised long-term interest rates for convergence assessment purposes","","A"
"2023-08","5.59","IRS.M.PL.L.L40.CI.0000.PLN.N.Z","Harmonised long-term interest rates for convergence assessment purposes","","A"
"2023-09","5.68","IRS.M.PL.L.L40.CI.0000.PLN.N.Z","Harmonised long-term interest rates for convergence assessment purposes","","A"
"2023-11","5.54","IRS.M.PL.L.L40.CI.0000.PLN.N.Z","Harmonised long-term interest rates for convergence assessment purposes","","A"
"2023-12","5.21","IRS.M.PL.L.L40.CI.0000.PLN.N.Z","Harmonised long-term interest rates for convergence assessment purposes","","A"
"2023-02","6.18","IRS.M.PL.L.L40.CI.0000.PLN.N.Z","Harmonised long-term interest rates for convergence assessment purposes","","A"
"2023-06","5.91","IRS.M.PL.L.L40.CI.0000.PLN.N.Z","Harmonised long-term interest rates for convergence assessment purposes","","A"
"2023-10","5.84","IRS.M.PL.L.L40.CI.0000.PLN.N.Z","Harmonised long-term interest rates for convergence assessment purposes","","A"
"2023-01","6.80","IRS.M.RO.L.L40.CI.0000.RON.N.Z","Harmonised long-term interest rates for convergence assessment purposes","","A"
"2023-03","7.10","IRS.M.RO.L.L40.CI.0000.RON.N.Z","Harmonised long-term interest rates for convergence assessment purposes","","A"
"2023-04","7.00","IRS.M.RO.L.L40.CI.0000.RON.N.Z","Harmonised long-term interest rates for convergence assessment purposes","","A"
"2023-05","6.30","IRS.M.RO.L.L40.CI.0000.RON.N.Z","Harmonised long-term interest rates for convergence assessment purposes","","A"
"2023-07","6.20","IRS.M.RO.L.L40.CI.0000.RON.N.Z","Harmonised long-term interest rates for convergence assessment purposes","","A"
"2023-08","6.34","IRS.M.RO.L.L40.CI.0000.RON.N.Z","Harmonised long-term interest rates for convergence assessment purposes","","A"
"2023-09","7.48","IRS.M.RO.L.L40.CI.0000.RON.N.Z","Harmonised long-term interest rates for convergence assessment purposes","","A"
"2023-11","6.75","IRS.M.RO.L.L40.CI.0000.RON.N.Z","Harmonised long-term interest rates for convergence assessment purposes","","A"
"2023-12","6.19","IRS.M.RO.L.L40.CI.0000.RON.N.Z","Harmonised long-term interest rates for convergence assessment purposes","","A"
"2023-02","7.46","IRS.M.RO.L.L40.CI.0000.RON.N.Z","Harmonised long-term interest rates for convergence assessment purposes","","A"
"2023-06","6.11","IRS.M.RO.L.L40.CI.0000.RON.N.Z","Harmonised long-term interest rates for convergence assessment purposes","","A"
"2023-10","6.81","IRS.M.RO.L.L40.CI.0000.RON.N.Z","Harmonised long-term interest rates for convergence assessment purposes","","A"
"2023-01","2.08","IRS.M.SE.L.L40.CI.0000.SEK.N.Z","Harmonised long-term interest rates for convergence assessment purposes","","A"
"2023-03","2.35","IRS.M.SE.L.L40.CI.0000.SEK.N.Z","Harmonised long-term interest rates for convergence assessment purposes","","A"
"2023-04","2.37","IRS.M.SE.L.L40.CI.0000.SEK.N.Z","Harmonised long-term interest rates for convergence assessment purposes","","A"
"2023-05","2.32","IRS.M.SE.L.L40.CI.0000.SEK.N.Z","Harmonised long-term interest rates for convergence assessment purposes","","A"
"2023-07","2.52","IRS.M.SE.L.L40.CI.0000.SEK.N.Z","Harmonised long-term interest rates for convergence assessment purposes","","A"
"2023-08","2.75","IRS.M.SE.L.L40.CI.0000.SEK.N.Z","Harmonised long-term interest rates for convergence assessment purposes","","A"
"2023-09","2.87","IRS.M.SE.L.L40.CI.0000.SEK.N.Z","Harmonised long-term interest rates for convergence assessment purposes","","A"
"2023-11","2.75","IRS.M.SE.L.L40.CI.0000.SEK.N.Z","Harmonised long-term interest rates for convergence assessment purposes","","A"
"2023-12","2.21","IRS.M.SE.L.L40.CI.0000.SEK.N.Z","Harmonised long-term interest rates for convergence assessment purposes","","A"
"2023-02","2.37","IRS.M.SE.L.L40.CI.0000.SEK.N.Z","Harmonised long-term interest rates for convergence assessment purposes","","A"
"2023-06","2.46","IRS.M.SE.L.L40.CI.0000.SEK.N.Z","Harmonised long-term interest rates for convergence assessment purposes","","A"
"2023-10","3.02","IRS.M.SE.L.L40.CI.0000.SEK.N.Z","Harmonised long-term interest rates for convergence assessment purposes","","A"
