"","Team","Winter Olympic Games","Winter Olympic Games","Winter Olympic Games","Winter Olympic Games","Winter Olympic Games"
"1","Afghanistan (AFG)","0","0","0","0","0"
"2","Algeria (ALG)","3","0","0","0","0"
"3","Argentina (ARG)","20","0","0","0","0"
"4","Armenia (ARM)","8","0","0","0","0"
"5","Australasia (ANZ) [ANZ]","0","0","0","0","0"
"6","Australia (AUS) [AUS][Z]","20","6","7","6","19"
"7","Austria (AUT)","24","71","88","91","250"
"8","Azerbaijan (AZE)","7","0","0","0","0"
"9","Bahamas (BAH)","0","0","0","0","0"
"10","Bahrain (BRN)","0","0","0","0","0"
"11","Barbados (BAR) [BAR]","0","0","0","0","0"
"12","Belarus (BLR)","8","8","7","5","20"
"13","Belgium (BEL)","22","2","2","4","8"
"14","Bermuda (BER)","8","0","0","0","0"
"15","Bohemia (BOH) [BOH][Z]","0","0","0","0","0"
"16","Botswana (BOT)","0","0","0","0","0"
"17","Brazil (BRA)","9","0","0","0","0"
"18","British West Indies (BWI) [BWI]","0","0","0","0","0"
"19","Bulgaria (BUL) [H]","21","1","2","3","6"
"20","Burkina Faso (BUR)","0","0","0","0","0"
"21","Burundi (BDI)","0","0","0","0","0"
"22","Cameroon (CMR)","1","0","0","0","0"
"23","Canada (CAN)","24","77","72","76","225"
"24","Chile (CHI) [I]","18","0","0","0","0"
"25","China (CHN) [CHN]","12","22","32","23","77"
"26","Colombia (COL)","3","0","0","0","0"
"27","Costa Rica (CRC)","6","0","0","0","0"
"28","Ivory Coast (CIV) [CIV]","0","0","0","0","0"
"29","Croatia (CRO)","9","4","6","1","11"
"30","Cuba (CUB) [Z]","0","0","0","0","0"
"31","Cyprus (CYP)","12","0","0","0","0"
"32","Czech Republic (CZE) [CZE]","8","10","11","13","34"
"33","Czechoslovakia (TCH) [TCH]","16","2","8","15","25"
"34","Denmark (DEN) [Z]","15","0","1","0","1"
"35","Djibouti (DJI) [B]","0","0","0","0","0"
"36","Dominican Republic (DOM)","0","0","0","0","0"
"37","Ecuador (ECU)","2","0","0","0","0"
"38","Egypt (EGY) [EGY][Z]","1","0","0","0","0"
"39","Eritrea (ERI)","2","0","0","0","0"
"40","Estonia (EST)","11","4","2","2","8"
"41","Ethiopia (ETH)","2","0","0","0","0"
"42","Fiji (FIJ)","3","0","0","0","0"
"43","Finland (FIN)","24","45","65","65","175"
"44","France (FRA) [O][P][Z]","24","41","42","55","138"
"45","Gabon (GAB)","0","0","0","0","0"
"46","Georgia (GEO)","8","0","0","0","0"
"47","Germany (GER) [GER][Z]","13","104","98","65","267"
"48","United Team of Germany (EUA) [EUA]","3","8","6","5","19"
"49","East Germany (GDR) [GDR]","6","39","36","35","110"
"50","West Germany (FRG) [FRG]","6","11","15","13","39"
"51","Ghana (GHA) [GHA]","3","0","0","0","0"
"52","Great Britain (GBR) [GBR][Z]","24","12","5","17","34"
"53","Greece (GRE)","20","0","0","0","0"
"54","Grenada (GRN)","0","0","0","0","0"
"55","Guatemala (GUA)","1","0","0","0","0"
"56","Guyana (GUY) [GUY]","0","0","0","0","0"
"57","Haiti (HAI) [J]","1","0","0","0","0"
"58","Hong Kong (HKG) [HKG]","6","0","0","0","0"
"59","Hungary (HUN)","24","2","2","6","10"
"60","Iceland (ISL)","19","0","0","0","0"
"61","India (IND) [F]","11","0","0","0","0"
"62","Indonesia (INA)","0","0","0","0","0"
"63","Iran (IRI) [K]","12","0","0","0","0"
"64","Iraq (IRQ)","0","0","0","0","0"
"65","Ireland (IRL)","8","0","0","0","0"
"66","Israel (ISR)","8","0","0","0","0"
"67","Italy (ITA) [M][S]","24","42","43","56","141"
"68","Jamaica (JAM) [JAM]","9","0","0","0","0"
"69","Japan (JPN)","22","17","28","31","76"
"70","Jordan (JOR)","0","0","0","0","0"
"71","Kazakhstan (KAZ)","8","1","3","4","8"
"72","Kenya (KEN)","4","0","0","0","0"
"73","Kosovo (KOS)","2","0","0","0","0"
"74","North Korea (PRK)","9","0","1","1","2"
"75","South Korea (KOR)","19","33","30","16","79"
"76","Kuwait (KUW)","0","0","0","0","0"
"77","Kyrgyzstan (KGZ)","8","0","0","0","0"
"78","Latvia (LAT)","12","1","3","6","10"
"79","Lebanon (LBN)","18","0","0","0","0"
"80","Liechtenstein (LIE)","20","2","2","6","10"
"81","Lithuania (LTU)","10","0","0","0","0"
"82","Luxembourg (LUX) [O]","10","0","2","0","2"
"83","Malaysia (MAS) [MAS]","2","0","0","0","0"
"84","Mauritius (MRI)","0","0","0","0","0"
"85","Mexico (MEX)","10","0","0","0","0"
"86","Moldova (MDA)","8","0","0","0","0"
"87","Mongolia (MGL)","15","0","0","0","0"
"88","Montenegro (MNE)","4","0","0","0","0"
"89","Morocco (MAR)","8","0","0","0","0"
"90","Mozambique (MOZ)","0","0","0","0","0"
"91","Namibia (NAM)","0","0","0","0","0"
"92","Netherlands (NED) [Z]","22","53","49","45","147"
"93","Netherlands Antilles (AHO) [AHO][I]","2","0","0","0","0"
"94","New Zealand (NZL) [NZL]","17","2","2","2","6"
"95","Niger (NIG)","0","0","0","0","0"
"96","Nigeria (NGR)","2","0","0","0","0"
"97","North Macedonia (MKD)","7","0","0","0","0"
"98","Norway (NOR) [Q]","24","148","134","123","405"
"99","Pakistan (PAK)","4","0","0","0","0"
"100","Panama (PAN)","0","0","0","0","0"
"101","Paraguay (PAR)","1","0","0","0","0"
"102","Peru (PER) [L]","3","0","0","0","0"
"103","Philippines (PHI)","6","0","0","0","0"
"104","Poland (POL)","24","7","7","9","23"
"105","Portugal (POR)","9","0","0","0","0"
"106","Puerto Rico (PUR)","8","0","0","0","0"
"107","Qatar (QAT)","0","0","0","0","0"
"108","Romania (ROU)","22","0","0","1","1"
"109","Russia (RUS) [RUS]","6","47","39","35","121"
"110","Russian Empire (RU1) [RU1]","0","0","0","0","0"
"111","Soviet Union (URS) [URS]","9","78","57","59","194"
"112","Unified Team (EUN) [EUN]","1","9","6","8","23"
"113","Olympic Athletes from Russia (OAR) [OAR]","1","2","6","9","17"
"114","ROC (ROC) [ROC]","1","6","12","14","32"
"115","San Marino (SMR)","11","0","0","0","0"
"116","Saudi Arabia (KSA)","1","0","0","0","0"
"117","Samoa (SAM)","0","0","0","0","0"
"118","Senegal (SEN)","5","0","0","0","0"
"119","Serbia (SRB) [SRB]","4","0","0","0","0"
"120","Serbia and Montenegro (SCG) [YUG/SCG]","3","0","0","0","0"
"121","Singapore (SGP)","1","0","0","0","0"
"122","Slovakia (SVK) [SVK]","8","4","4","2","10"
"123","Slovenia (SLO)","9","4","8","12","24"
"124","South Africa (RSA)","7","0","0","0","0"
"125","Spain (ESP) [Z]","21","1","1","3","5"
"126","Sri Lanka (SRI) [SRI]","0","0","0","0","0"
"127","Sudan (SUD)","0","0","0","0","0"
"128","Suriname (SUR) [E]","0","0","0","0","0"
"129","Sweden (SWE) [Z]","24","65","51","60","176"
"130","Switzerland (SUI)","24","63","47","58","168"
"131","Syria (SYR)","0","0","0","0","0"
"132","Chinese Taipei (TPE) [TPE][TPE2]","13","0","0","0","0"
"133","Tajikistan (TJK)","4","0","0","0","0"
"134","Tanzania (TAN) [TAN]","0","0","0","0","0"
"135","Thailand (THA)","5","0","0","0","0"
"136","Togo (TOG)","2","0","0","0","0"
"137","Tonga (TGA)","2","0","0","0","0"
"138","Trinidad and Tobago (TTO) [TTO]","4","0","0","0","0"
"139","Tunisia (TUN)","0","0","0","0","0"
"140","Turkey (TUR)","18","0","0","0","0"
"141","Turkmenistan (TKM)","0","0","0","0","0"
"142","Uganda (UGA)","0","0","0","0","0"
"143","Ukraine (UKR)","8","3","2","4","9"
"144","United Arab Emirates (UAE)","0","0","0","0","0"
"145","United States (USA) [P][Q][R][Z][F]","24","113","122","95","330"
"146","Uruguay (URU)","1","0","0","0","0"
"147","Uzbekistan (UZB)","8","1","0","0","1"
"148","Venezuela (VEN)","4","0","0","0","0"
"149","Vietnam (VIE)","0","0","0","0","0"
"150","Virgin Islands (ISV)","8","0","0","0","0"
"151","Yugoslavia (YUG) [YUG to 1992]","14","0","3","1","4"
"152","Zambia (ZAM) [ZAM]","0","0","0","0","0"
"153","Zimbabwe (ZIM) [ZIM]","1","0","0","0","0"
"154","Independent Olympic Athletes (IOA) [IOA]","0","0","0","0","0"
"155","Independent Olympic Participants (IOP) [IOP]","0","0","0","0","0"
"156","Mixed team (ZZX) [ZZX]","0","0","0","0","0"
